"";"jahr";"versorgungsregion";"Versorgungsregion";"versorgungsregion_code";"total.y";"kapa2";"kapa5";"kapa8";"diff1";"diff5";"diff10"
"1";2023;"Allschwil, Binningen und Schönenbuch (ABS)";"VR Alter und Gesundheit ABS";1;521,9518807165;401;401;401;-120,9518807165;-120,9518807165;-120,9518807165
"2";2024;"Allschwil, Binningen und Schönenbuch (ABS)";"VR Alter und Gesundheit ABS";1;534,299889310687;409,02;421,05;433,08;-125,279889310688;-113,249889310687;-101,219889310687
"3";2025;"Allschwil, Binningen und Schönenbuch (ABS)";"VR Alter und Gesundheit ABS";1;550,995050302437;417,2004;442,1025;467,7264;-133,794650302437;-108,892550302437;-83,2686503024374
"4";2026;"Allschwil, Binningen und Schönenbuch (ABS)";"VR Alter und Gesundheit ABS";1;569,911178511813;425,544408;464,207625;505,144512;-144,366770511812;-105,703553511812;-64,7666665118124
"5";2027;"Allschwil, Binningen und Schönenbuch (ABS)";"VR Alter und Gesundheit ABS";1;586,067639500125;434,05529616;487,41800625;545,55607296;-152,012343340125;-98,6496332501249;-40,5115665401248
"6";2028;"Allschwil, Binningen und Schönenbuch (ABS)";"VR Alter und Gesundheit ABS";1;600,90650234925;442,7364020832;511,7889065625;589,2005587968;-158,17010026605;-89,1175957867499;-11,7059435524498
"7";2029;"Allschwil, Binningen und Schönenbuch (ABS)";"VR Alter und Gesundheit ABS";1;612,253313575187;451,591130124864;537,378351890625;636,336603500544;-160,662183450323;-74,8749616845623;24,0832899253568
"8";2030;"Allschwil, Binningen und Schönenbuch (ABS)";"VR Alter und Gesundheit ABS";1;627,312521115813;460,622952727361;564,247269485156;687,243531780588;-166,689568388451;-63,0652516306561;59,9310106647754
"9";2031;"Allschwil, Binningen und Schönenbuch (ABS)";"VR Alter und Gesundheit ABS";1;643,360916495438;469,835411781909;592,459632959414;742,223014323035;-173,525504713529;-50,9012835360232;98,8620978275974
"10";2032;"Allschwil, Binningen und Schönenbuch (ABS)";"VR Alter und Gesundheit ABS";1;658,946779409687;479,232120017547;622,082614607385;801,600855468878;-179,714659392141;-36,8641648023024;142,65407605919
"11";2033;"Allschwil, Binningen und Schönenbuch (ABS)";"VR Alter und Gesundheit ABS";1;675,705423134062;488,816762417898;653,186745337754;865,728923906388;-186,888660716165;-22,5186777963082;190,023500772326
"12";2034;"Allschwil, Binningen und Schönenbuch (ABS)";"VR Alter und Gesundheit ABS";1;689,015418617813;498,593097666256;685,846082604642;934,987237818899;-190,422320951557;-3,16933601317055;245,971819201087
"13";2035;"Allschwil, Binningen und Schönenbuch (ABS)";"VR Alter und Gesundheit ABS";1;704,809402085625;508,564959619581;720,138386734874;1009,78621684441;-196,244442466044;15,3289846492492;304,976814758786
"14";2036;"Allschwil, Binningen und Schönenbuch (ABS)";"VR Alter und Gesundheit ABS";1;720,655703127813;518,736258811972;756,145306071618;1090,56911419196;-201,91944431584;35,4896029438054;369,913411064152
"15";2037;"Allschwil, Binningen und Schönenbuch (ABS)";"VR Alter und Gesundheit ABS";1;738,226725702812;529,110983988212;793,952571375199;1177,81464332732;-209,115741714601;55,7258456723864;439,587917624509
"16";2038;"Allschwil, Binningen und Schönenbuch (ABS)";"VR Alter und Gesundheit ABS";1;755,433081339375;539,693203667976;833,650199943959;1272,03981479351;-215,739877671399;78,2171186045839;516,606733454132
"17";2039;"Allschwil, Binningen und Schönenbuch (ABS)";"VR Alter und Gesundheit ABS";1;769,461825815;550,487067741336;875,332709941157;1373,80299997699;-218,974758073664;105,870884126157;604,341174161988
"18";2040;"Allschwil, Binningen und Schönenbuch (ABS)";"VR Alter und Gesundheit ABS";1;786,375920484062;561,496809096162;919,099345438215;1483,70723997515;-224,8791113879;132,723424954152;697,331319491084
"19";2041;"Allschwil, Binningen und Schönenbuch (ABS)";"VR Alter und Gesundheit ABS";1;801,530705943125;572,726745278086;965,054312710125;1602,40381917316;-228,803960665039;163,523606767;800,873113230034
"20";2042;"Allschwil, Binningen und Schönenbuch (ABS)";"VR Alter und Gesundheit ABS";1;819,585295469063;584,181280183647;1013,30702834563;1730,59612470701;-235,404015285415;193,721732876569;911,010829237949
"21";2043;"Allschwil, Binningen und Schönenbuch (ABS)";"VR Alter und Gesundheit ABS";1;835,389604781875;595,86490578732;1063,97237976291;1869,04381468357;-239,524698994555;228,582774981038;1033,6542099017
"22";2044;"Allschwil, Binningen und Schönenbuch (ABS)";"VR Alter und Gesundheit ABS";1;850,512786292188;607,782203903067;1117,17099875106;2018,56731985826;-242,730582389121;266,658212458872;1168,05453356607
"23";2045;"Allschwil, Binningen und Schönenbuch (ABS)";"VR Alter und Gesundheit ABS";1;867,851573174063;619,937847981128;1173,02954868861;2180,05270544692;-247,913725192935;305,17797551455;1312,20113227286
"24";2046;"Allschwil, Binningen und Schönenbuch (ABS)";"VR Alter und Gesundheit ABS";1;883,97540171;632,336604940751;1231,68102612304;2354,45692188267;-251,638796769249;347,705624413043;1470,48152017267
"25";2047;"Allschwil, Binningen und Schönenbuch (ABS)";"VR Alter und Gesundheit ABS";1;903,81169249;644,983337039566;1293,26507742919;2542,81347563329;-258,828355450434;389,453384939195;1639,00178314329
"26";2048;"Allschwil, Binningen und Schönenbuch (ABS)";"VR Alter und Gesundheit ABS";1;921,987537007813;657,883003780357;1357,92833130065;2746,23855368395;-264,104533227456;435,940794292842;1824,25101667614
"27";2049;"Allschwil, Binningen und Schönenbuch (ABS)";"VR Alter und Gesundheit ABS";1;938,985829370625;671,040663855964;1425,82474786569;2965,93763797867;-267,945165514661;486,838918495062;2026,95180860804
"28";2050;"Allschwil, Binningen und Schönenbuch (ABS)";"VR Alter und Gesundheit ABS";1;959,119491857812;684,461477133083;1497,11598525897;3203,21264901696;-274,658014724729;537,996493401159;2244,09315715915
"29";2023;"Birseck";"VR Alter Birsstadt";3;754,98134850575;608;608;608;-146,98134850575;-146,98134850575;-146,98134850575
"30";2024;"Birseck";"VR Alter Birsstadt";3;782,619584207563;620,16;638,4;656,64;-162,459584207563;-144,219584207563;-125,979584207562
"31";2025;"Birseck";"VR Alter Birsstadt";3;806,499408437125;632,5632;670,32;709,1712;-173,936208437125;-136,179408437125;-97,3282084371249
"32";2026;"Birseck";"VR Alter Birsstadt";3;831,887226756063;645,214464;703,836;765,904896;-186,672762756062;-128,051226756062;-65,9823307560624
"33";2027;"Birseck";"VR Alter Birsstadt";3;858,451995944813;658,11875328;739,0278;827,17728768;-200,333242664813;-119,424195944812;-31,2747082648124
"34";2028;"Birseck";"VR Alter Birsstadt";3;879,656179782625;671,2811283456;775,97919;893,3514706944;-208,375051437025;-103,676989782625;13,6952909117753
"35";2029;"Birseck";"VR Alter Birsstadt";3;905,288763234688;684,706750912512;814,7781495;964,819588349952;-220,582012322176;-90,5106137346872;59,5308251152649
"36";2030;"Birseck";"VR Alter Birsstadt";3;930,504709312625;698,400885930762;855,517056975;1042,00515541795;-232,103823381863;-74,9876523376247;111,500446105324
"37";2031;"Birseck";"VR Alter Birsstadt";3;954,396595235438;712,368903649378;898,29290982375;1125,36556785138;-242,02769158606;-56,1036854116873;170,968972615947
"38";2032;"Birseck";"VR Alter Birsstadt";3;979,200382592687;726,616281722365;943,207555314938;1215,3948132795;-252,584100870322;-35,9928272777496;236,194430686808
"39";2033;"Birseck";"VR Alter Birsstadt";3;1002,15095538844;741,148607356812;990,367933080685;1312,62639834186;-261,002348031625;-11,7830223077527;310,475442953418
"40";2034;"Birseck";"VR Alter Birsstadt";3;1028,6221906175;755,971579503949;1039,88632973472;1417,6365102092;-272,650611113551;11,2641391172192;389,014319591704
"41";2035;"Birseck";"VR Alter Birsstadt";3;1055,95586912406;771,091011094028;1091,88064622145;1531,04743102594;-284,864858030035;35,9247770973925;475,091561901878
"42";2036;"Birseck";"VR Alter Birsstadt";3;1080,89020483719;786,512831315908;1146,47467853253;1653,53122550802;-294,377373521279;65,5844736953404;572,641020670828
"43";2037;"Birseck";"VR Alter Birsstadt";3;1108,31629056812;802,243087942226;1203,79841245915;1785,81372354866;-306,073202625898;95,4821218910295;677,497432980532
"44";2038;"Birseck";"VR Alter Birsstadt";3;1133,87802044812;818,287949701071;1263,98833308211;1928,67882143255;-315,590070747054;130,110312633987;794,800800984424
"45";2039;"Birseck";"VR Alter Birsstadt";3;1158,9694422675;834,653708695092;1327,18774973622;2082,97312714715;-324,315733572408;168,218307468718;924,003684879653
"46";2040;"Birseck";"VR Alter Birsstadt";3;1185,61145172781;851,346782868994;1393,54713722303;2249,61097731893;-334,264668858818;207,935685495216;1063,99952559111
"47";2041;"Birseck";"VR Alter Birsstadt";3;1210,41810483219;868,373718526374;1463,22449408418;2429,57985550444;-342,044386305813;252,806389251993;1219,16175067225
"48";2042;"Birseck";"VR Alter Birsstadt";3;1238,46905804625;885,741192896902;1536,38571878839;2623,9462439448;-352,727865149348;297,916660742139;1385,47718589855
"49";2043;"Birseck";"VR Alter Birsstadt";3;1264,11102358187;903,45601675484;1613,20500472781;2833,86194346038;-360,655006827035;349,093981145934;1569,7509198785
"50";2044;"Birseck";"VR Alter Birsstadt";3;1289,30184203063;921,525137089936;1693,8652549642;3060,57089893721;-367,776704940689;404,563412933574;1771,26905690658
"51";2045;"Birseck";"VR Alter Birsstadt";3;1316,99842487906;939,955639831735;1778,55851771241;3305,41657085219;-377,042785047327;461,560092833347;1988,41814597312
"52";2046;"Birseck";"VR Alter Birsstadt";3;1341,15316250563;958,75475262837;1867,48644359803;3569,84989652036;-382,398409877255;526,333281092405;2228,69673401474
"53";2047;"Birseck";"VR Alter Birsstadt";3;1368,07274225906;977,929847680938;1960,86076577793;3855,43788824199;-390,142894578125;592,788023518869;2487,36514598293
"54";2048;"Birseck";"VR Alter Birsstadt";3;1395,13109976844;997,488444634556;2058,90380406683;4163,87291930135;-397,642655133881;663,772704298391;2768,74181953291
"55";2049;"Birseck";"VR Alter Birsstadt";3;1422,26328931094;1017,43821352725;2161,84899427017;4496,98275284546;-404,82507578369;739,585704959232;3074,71946353452
"56";2050;"Birseck";"VR Alter Birsstadt";3;1453,33046860781;1037,78697779779;2269,94144398368;4856,7413730731;-415,54349081002;816,610975375866;3403,41090446528
"57";2023;"Laufental";"VR APG Laufental";5;173,788555136781;223;223;223;49,2114448632188;49,2114448632188;49,2114448632188
"58";2024;"Laufental";"VR APG Laufental";5;184,225284242;227,46;234,15;240,84;43,234715758;49,924715758;56,614715758
"59";2025;"Laufental";"VR APG Laufental";5;192,993831791969;232,0092;245,8575;260,1072;39,0153682080312;52,8636682080313;67,1133682080313
"60";2026;"Laufental";"VR APG Laufental";5;200,297796383844;236,649384;258,150375;280,915776;36,3515876161563;57,8525786161563;80,6179796161563
"61";2027;"Laufental";"VR APG Laufental";5;207,880055890812;241,38237168;271,05789375;303,38903808;33,5023157891875;63,1778378591876;95,5089821891876
"62";2028;"Laufental";"VR APG Laufental";5;217,077893615344;246,2100191136;284,6107884375;327,6601611264;29,1321254982562;67,5328948221564;110,582267511056
"63";2029;"Laufental";"VR APG Laufental";5;228,787840598344;251,134219495872;298,841327859375;353,872974016512;22,3463788975282;70,0534872610313;125,085133418168
"64";2030;"Laufental";"VR APG Laufental";5;238,535972481313;256,156903885789;313,783394252344;382,182811937833;17,6209314044769;75,2474217710313;143,646839456521
"65";2031;"Laufental";"VR APG Laufental";5;247,239982233344;261,280041963505;329,472563964961;412,75743689286;14,0400597301615;82,2325817316173;165,517454659516
"66";2032;"Laufental";"VR APG Laufental";5;256,0661507455;266,505642802775;345,946192163209;445,778031844289;10,4394920572753;89,8800414177091;189,711881098789
"67";2033;"Laufental";"VR APG Laufental";5;268,075990682688;271,835755658831;363,24350177137;481,440274391832;3,75976497614334;95,167511088682;213,364283709144
"68";2034;"Laufental";"VR APG Laufental";5;282,355354088688;277,272470772008;381,405676859938;519,955496343178;-5,08288331668001;99,0503227712505;237,600142254491
"69";2035;"Laufental";"VR APG Laufental";5;294,276161998625;282,817920187448;400,475960702935;561,551936050633;-11,4582418111773;106,19979870431;267,275774052008
"70";2036;"Laufental";"VR APG Laufental";5;304,69915965675;288,474278591197;420,499758738082;606,476090934683;-16,2248810655533;115,800599081332;301,776931277933
"71";2037;"Laufental";"VR APG Laufental";5;316,39833814275;294,243764163021;441,524746674986;654,994178209458;-22,1545739797294;125,126408532236;338,595840066708
"72";2038;"Laufental";"VR APG Laufental";5;330,47942586125;300,128639446281;463,600984008735;707,393712466215;-30,350786414969;133,121558147485;376,914286604965
"73";2039;"Laufental";"VR APG Laufental";5;345,36464169875;306,131212235207;486,781033209172;763,985209463512;-39,2334294635434;141,416391510422;418,620567764762
"74";2040;"Laufental";"VR APG Laufental";5;359,216254886125;312,253836479911;511,120084869631;825,104026220593;-46,9624184062143;151,903829983506;465,887771334468
"75";2041;"Laufental";"VR APG Laufental";5;370,283944771438;318,498913209509;536,676089113112;891,11234831824;-51,7850315619286;166,392144341675;520,828403546803
"76";2042;"Laufental";"VR APG Laufental";5;381,679399570563;324,868891473699;563,509893568768;962,4013361837;-56,8105080968634;181,830493998205;580,721936613137
"77";2043;"Laufental";"VR APG Laufental";5;395,900240235187;331,366269303173;591,685388247206;1039,3934430784;-64,5339709320143;195,785148012019;643,493202843208
"78";2044;"Laufental";"VR APG Laufental";5;408,9076535415;337,993594689237;621,269657659567;1122,54491852467;-70,9140588522634;212,362004118067;713,637264983167
"79";2045;"Laufental";"VR APG Laufental";5;422,158093063;344,753466583021;652,333140542545;1212,34851200664;-77,4046264799787;230,175047479545;790,190418943641
"80";2046;"Laufental";"VR APG Laufental";5;433,5898915025;351,648535914682;684,949797569672;1309,33639296717;-81,9413555878182;251,359906067172;875,746501464672
"81";2047;"Laufental";"VR APG Laufental";5;444,139719101312;358,681506632975;719,197287448156;1414,08330440455;-85,4582124683371;275,057568346843;969,943585303234
"82";2048;"Laufental";"VR APG Laufental";5;458,395808497062;365,855136765635;755,157151820564;1527,20996875691;-92,5406717314276;296,761343323501;1068,81416025985
"83";2049;"Laufental";"VR APG Laufental";5;470,909781305312;373,172239500948;792,915009411592;1649,38676625746;-97,7375418043649;322,005228106279;1178,47698495215
"84";2050;"Laufental";"VR APG Laufental";5;484,022646365125;380,635684290967;832,560759882171;1781,33770755806;-103,386962074158;348,538113517046;1297,31506119294
"85";2023;"Leimental";"VR BPA Leimental";4;468,300474620375;309;309;309;-159,300474620375;-159,300474620375;-159,300474620375
"86";2024;"Leimental";"VR BPA Leimental";4;490,543925427188;315,18;324,45;333,72;-175,363925427187;-166,093925427188;-156,823925427187
"87";2025;"Leimental";"VR BPA Leimental";4;509,210911786375;321,4836;340,6725;360,4176;-187,727311786375;-168,538411786375;-148,793311786375
"88";2026;"Leimental";"VR BPA Leimental";4;527,436419565;327,913272;357,706125;389,251008;-199,523147565;-169,730294565;-138,185411565
"89";2027;"Leimental";"VR BPA Leimental";4;547,164014144687;334,47153744;375,59143125;420,39108864;-212,692476704687;-171,572582894687;-126,772925504687
"90";2028;"Leimental";"VR BPA Leimental";4;565,9668807335;341,1609681888;394,3710028125;454,0223757312;-224,8059125447;-171,595877921;-111,9445050023
"91";2029;"Leimental";"VR BPA Leimental";4;585,800922849813;347,984187552576;414,089552953125;490,344165789696;-237,816735297237;-171,711369896687;-95,4567570601164
"92";2030;"Leimental";"VR BPA Leimental";4;602,140769416437;354,943871303628;434,794030600781;529,571699052872;-247,19689811281;-167,346738815656;-72,5690703635655
"93";2031;"Leimental";"VR BPA Leimental";4;621,079266100813;362,0427487297;456,53373213082;571,937434977102;-259,036517371112;-164,545533969992;-49,1418311237109
"94";2032;"Leimental";"VR BPA Leimental";4;639,813494042563;369,283603704294;479,360418737361;617,69242977527;-270,529890338268;-160,453075305201;-22,1210642672927
"95";2033;"Leimental";"VR BPA Leimental";4;658,420296029688;376,66927577838;503,32843967423;667,107824157292;-281,751020251307;-155,091856355458;8,68752812760408
"96";2034;"Leimental";"VR BPA Leimental";4;678,2914096805;384,202661293948;528,494861657941;720,476450089875;-294,088748386552;-149,796548022559;42,1850404093749
"97";2035;"Leimental";"VR BPA Leimental";4;695,322496741375;391,886714519827;554,919604740838;778,114566097065;-303,435782221548;-140,402892000537;82,7920693556899
"98";2036;"Leimental";"VR BPA Leimental";4;714,519647355625;399,724448810223;582,66558497788;840,36373138483;-314,795198545402;-131,854062377745;125,844084029205
"99";2037;"Leimental";"VR BPA Leimental";4;733,130307258125;407,718937786428;611,798864226774;907,592829895617;-325,411369471697;-121,331443031351;174,462522637492
"100";2038;"Leimental";"VR BPA Leimental";4;751,273745222187;415,873316542156;642,388807438113;980,200256287266;-335,400428680031;-108,884937784075;228,926511065079
"101";2039;"Leimental";"VR BPA Leimental";4;769,219803590625;424,190782872999;674,508247810018;1058,61627679025;-345,029020717626;-94,7115557806065;289,396473199622
"102";2040;"Leimental";"VR BPA Leimental";4;784,661103670937;432,674598530459;708,233660200519;1143,30557893347;-351,986505140478;-76,427443470418;358,64447526253
"103";2041;"Leimental";"VR BPA Leimental";4;801,616364870938;441,328090501068;743,645343210545;1234,77002524814;-360,288274369869;-57,9710216603921;433,153660377207
"104";2042;"Leimental";"VR BPA Leimental";4;819,911432935937;450,15465231109;780,827610371073;1333,551627268;-369,756780624848;-39,0838225648646;513,640194332059
"105";2043;"Leimental";"VR BPA Leimental";4;838,193001386563;459,157745357312;819,868990889627;1440,23575744944;-379,035256029251;-18,324010496936;602,042756062874
"106";2044;"Leimental";"VR BPA Leimental";4;854,868247939687;468,340900264458;860,862440434108;1555,45461804539;-386,52734767523;5,99419249442042;700,586370105704
"107";2045;"Leimental";"VR BPA Leimental";4;871,908525034375;477,707718269747;903,905562455813;1679,89098748902;-394,200806764628;31,9970374214383;807,982462454648
"108";2046;"Leimental";"VR BPA Leimental";4;887,518748295937;487,261872635142;949,100840578604;1814,28226648814;-400,256875660795;61,5820922826665;926,763518192207
"109";2047;"Leimental";"VR BPA Leimental";4;906,824613471875;497,007110087845;996,555882607534;1959,4248478072;-409,81750338403;89,7312691356592;1052,60023433532
"110";2048;"Leimental";"VR BPA Leimental";4;926,014612806875;506,947252289602;1046,38367673791;2116,17883563177;-419,067360517273;120,369063931036;1190,1642228249
"111";2049;"Leimental";"VR BPA Leimental";4;944,508256983437;517,086197335394;1098,70286057481;2285,47314248231;-427,422059648044;154,194603591369;1340,96488549888
"112";2050;"Leimental";"VR BPA Leimental";4;964,8639763875;527,427921282102;1153,63800360355;2468,3109938809;-437,436055105398;188,774027216047;1503,4470174934
"113";2023;"Liestal (Region)";"VR Alters- und Pflegeregion Liestal";6;474,648380755438;424;424;424;-50,6483807554375;-50,6483807554375;-50,6483807554375
"114";2024;"Liestal (Region)";"VR Alters- und Pflegeregion Liestal";6;496,406025647063;432,48;445,2;457,92;-63,9260256470625;-51,2060256470625;-38,4860256470625
"115";2025;"Liestal (Region)";"VR Alters- und Pflegeregion Liestal";6;517,605558192187;441,1296;467,46;494,5536;-76,4759581921875;-50,1455581921874;-23,0519581921874
"116";2026;"Liestal (Region)";"VR Alters- und Pflegeregion Liestal";6;540,249541519937;449,952192;490,833;534,117888;-90,2973495199374;-49,4165415199374;-6,13165351993734
"117";2027;"Liestal (Region)";"VR Alters- und Pflegeregion Liestal";6;565,23953514575;458,95123584;515,37465;576,84731904;-106,28829930575;-49,8648851457499;11,6077838942501
"118";2028;"Liestal (Region)";"VR Alters- und Pflegeregion Liestal";6;584,838961272063;468,1302605568;541,1433825;622,9951045632;-116,708700715263;-43,6955787720624;38,1561432911377
"119";2029;"Liestal (Region)";"VR Alters- und Pflegeregion Liestal";6;609,335675007938;477,492865767936;568,200551625;672,834712928256;-131,842809240001;-41,1351233829373;63,4990379203186
"120";2030;"Liestal (Region)";"VR Alters- und Pflegeregion Liestal";6;632,845039321875;487,042723083295;596,61057920625;726,661489962517;-145,80231623858;-36,2344601156248;93,8164506406418
"121";2031;"Liestal (Region)";"VR Alters- und Pflegeregion Liestal";6;659,055978761375;496,783577544961;626,441108166563;784,794409159518;-162,272401216414;-32,6148705948124;125,738430398143
"122";2032;"Liestal (Region)";"VR Alters- und Pflegeregion Liestal";6;687,7182396195;506,71924909586;657,763163574891;847,57796189228;-180,99899052364;-29,9550760446091;159,85972227278
"123";2033;"Liestal (Region)";"VR Alters- und Pflegeregion Liestal";6;710,1301277625;516,853634077777;690,651321753635;915,384198843662;-193,276493684723;-19,4788060088646;205,254071081162
"124";2034;"Liestal (Region)";"VR Alters- und Pflegeregion Liestal";6;737,38823217875;527,190706759333;725,183887841317;988,614934751155;-210,197525419417;-12,2043443374329;251,226702572405
"125";2035;"Liestal (Region)";"VR Alters- und Pflegeregion Liestal";6;764,110166550812;537,734520894519;761,443082233383;1067,70412953125;-226,375645656293;-2,66708431742927;303,593962980435
"126";2036;"Liestal (Region)";"VR Alters- und Pflegeregion Liestal";6;792,798183640688;548,48921131241;799,515236345052;1153,12045989375;-244,308972328278;6,71705270436485;360,32227625306
"127";2037;"Liestal (Region)";"VR Alters- und Pflegeregion Liestal";6;824,46786880275;559,458995538658;839,490998162305;1245,37009668525;-265,008873264092;15,023129359555;420,902227882498
"128";2038;"Liestal (Region)";"VR Alters- und Pflegeregion Liestal";6;848,879755374375;570,648175449431;881,46554807042;1344,99970442007;-278,231579924944;32,5857926960454;496,119949045692
"129";2039;"Liestal (Region)";"VR Alters- und Pflegeregion Liestal";6;876,648144811562;582,06113895842;925,538825473941;1452,59968077367;-294,587005853143;48,8906806623788;575,95153596211
"130";2040;"Liestal (Region)";"VR Alters- und Pflegeregion Liestal";6;902,060357099375;593,702361737588;971,815766747638;1568,80765523557;-308,357995361787;69,7554096482635;666,747298136192
"131";2041;"Liestal (Region)";"VR Alters- und Pflegeregion Liestal";6;928,933767048438;605,57640897234;1020,40655508502;1694,31226765441;-323,357358076098;91,4727880365828;765,378500605975
"132";2042;"Liestal (Region)";"VR Alters- und Pflegeregion Liestal";6;958,276521542188;617,687937151787;1071,42688283927;1829,85724906677;-340,588584390401;113,150361297084;871,580727524578
"133";2043;"Liestal (Region)";"VR Alters- und Pflegeregion Liestal";6;981,350962261875;630,041695894823;1124,99822698124;1976,24582899211;-351,309266367052;143,64726471936;994,894866730232
"134";2044;"Liestal (Region)";"VR Alters- und Pflegeregion Liestal";6;1006,48242357281;642,642529812719;1181,2481383303;2134,34549531148;-363,839893760094;174,765714757484;1127,86307173866
"135";2045;"Liestal (Region)";"VR Alters- und Pflegeregion Liestal";6;1028,51925566812;655,495380408973;1240,31054524681;2305,09313493639;-373,023875259152;211,791289578687;1276,57387926827
"136";2046;"Liestal (Region)";"VR Alters- und Pflegeregion Liestal";6;1051,94218435969;668,605288017153;1302,32607250915;2489,5005857313;-383,336896342535;250,383888149465;1437,55840137162
"137";2047;"Liestal (Region)";"VR Alters- und Pflegeregion Liestal";6;1077,17957948031;681,977393777496;1367,44237613461;2688,66063258981;-395,202185702817;290,262796654298;1611,4810531095
"138";2048;"Liestal (Region)";"VR Alters- und Pflegeregion Liestal";6;1099,58706850781;695,616941653046;1435,81449494134;2903,75348319699;-403,970126854767;336,227426433528;1804,16641468918
"139";2049;"Liestal (Region)";"VR Alters- und Pflegeregion Liestal";6;1123,33432235563;709,529280486107;1507,60521968841;3136,05376185275;-413,805041869518;384,270897332783;2012,71943949713
"140";2050;"Liestal (Region)";"VR Alters- und Pflegeregion Liestal";6;1144,23992808094;723,719866095829;1582,98548067283;3386,93806280098;-420,520061985109;438,745552591891;2242,69813472004
"141";2023;"Oberbaselbiet";"VR Oberbaselbiet";8;372,370356901375;388;388;388;15,629643098625;15,629643098625;15,629643098625
"142";2024;"Oberbaselbiet";"VR Oberbaselbiet";8;391,660361612687;395,76;407,4;419,04;4,0996383873125;15,7396383873125;27,3796383873125
"143";2025;"Oberbaselbiet";"VR Oberbaselbiet";8;408,577512321625;403,6752;427,77;452,5632;-4,902312321625;19,192487678375;43,985687678375
"144";2026;"Oberbaselbiet";"VR Oberbaselbiet";8;428,017194885063;411,748704;449,1585;488,768256;-16,2684908850625;21,1413051149376;60,7510611149376
"145";2027;"Oberbaselbiet";"VR Oberbaselbiet";8;446,75590982425;419,98367808;471,616425;527,86971648;-26,77223174425;24,8605151757501;81,1138066557501
"146";2028;"Oberbaselbiet";"VR Oberbaselbiet";8;467,664846056375;428,3833516416;495,19724625;570,0992937984;-39,281494414775;27,5324001936252;102,434447742025
"147";2029;"Oberbaselbiet";"VR Oberbaselbiet";8;488,804539434063;436,951018674432;519,9571085625;615,707237302272;-51,8535207596305;31,1525691284376;126,90269786821
"148";2030;"Oberbaselbiet";"VR Oberbaselbiet";8;509,6886159755;445,690039047921;545,954963990625;664,963816286454;-63,9985769275793;36,2663480151252;155,275200310954
"149";2031;"Oberbaselbiet";"VR Oberbaselbiet";8;533,099047007875;454,603839828879;573,252712190156;718,16092158937;-78,4952071789959;40,1536651822814;185,061874581495
"150";2032;"Oberbaselbiet";"VR Oberbaselbiet";8;556,654118023937;463,695916625457;601,915347799664;775,61379531652;-92,9582013984808;45,2612297757269;218,959677292583
"151";2033;"Oberbaselbiet";"VR Oberbaselbiet";8;580,382374239125;472,969834957966;632,011115189648;837,662898941842;-107,412539281159;51,6287409505225;257,280524702717
"152";2034;"Oberbaselbiet";"VR Oberbaselbiet";8;604,745649126375;482,429231657125;663,61167094913;904,675930857189;-122,31641746925;58,8660218227549;299,930281730814
"153";2035;"Oberbaselbiet";"VR Oberbaselbiet";8;630,108645279625;492,077816290268;696,792254496586;977,050005325764;-138,030828989357;66,6836092169615;346,941360046139
"154";2036;"Oberbaselbiet";"VR Oberbaselbiet";8;655,903020315562;501,919372616073;731,631867221416;1055,21400575183;-153,983647699489;75,7288469058534;399,310985436263
"155";2037;"Oberbaselbiet";"VR Oberbaselbiet";8;684,572727303062;511,957760068394;768,213460582487;1139,63112621197;-172,614967234668;83,6407332794242;455,058398908909
"156";2038;"Oberbaselbiet";"VR Oberbaselbiet";8;711,141980757938;522,196915269762;806,624133611611;1230,80161630893;-188,945065488175;95,4821528536736;519,659635550992
"157";2039;"Oberbaselbiet";"VR Oberbaselbiet";8;738,3868180835;532,640853575158;846,955340292192;1329,26574561364;-205,745964508342;108,568522208692;590,878927530144
"158";2040;"Oberbaselbiet";"VR Oberbaselbiet";8;766,243716075938;543,293670646661;889,303107306801;1435,60700526274;-222,950045429277;123,059391230864;669,363289186798
"159";2041;"Oberbaselbiet";"VR Oberbaselbiet";8;792,152236291875;554,159544059594;933,768262672141;1550,45556568375;-237,992692232281;141,616026380266;758,303329391879
"160";2042;"Oberbaselbiet";"VR Oberbaselbiet";8;821,0947131575;565,242734940786;980,456675805748;1674,49201093845;-255,851978216714;159,361962648248;853,397297780955
"161";2043;"Oberbaselbiet";"VR Oberbaselbiet";8;845,371613755;576,547589639602;1029,47950959604;1808,45137181353;-268,824024115398;184,107895841036;963,079758058532
"162";2044;"Oberbaselbiet";"VR Oberbaselbiet";8;870,895717912813;588,078541432394;1080,95348507584;1953,12748155861;-282,817176480419;210,057767163025;1082,2317636458
"163";2045;"Oberbaselbiet";"VR Oberbaselbiet";8;896,56453403;599,840112261042;1135,00115932963;2109,3776800833;-296,724421768958;238,43662529963;1212,8131460533
"164";2046;"Oberbaselbiet";"VR Oberbaselbiet";8;919,064871424375;611,836914506262;1191,75121729611;2278,12789448997;-307,227956918113;272,686345871736;1359,06302306559
"165";2047;"Oberbaselbiet";"VR Oberbaselbiet";8;945,234893830313;624,073652796388;1251,33877816092;2460,37812604917;-321,161241033925;306,103884330604;1515,14323221885
"166";2048;"Oberbaselbiet";"VR Oberbaselbiet";8;968,689548654687;636,555125852316;1313,90571706896;2657,2083761331;-332,134422802372;345,216168414275;1688,51882747841
"167";2049;"Oberbaselbiet";"VR Oberbaselbiet";8;993,247195521875;649,286228369362;1379,60100292241;2869,78504622375;-343,960967152513;386,353807400536;1876,53785070187
"168";2050;"Oberbaselbiet";"VR Oberbaselbiet";8;1017,49911171562;662,271952936749;1448,58105306853;3099,36784992165;-355,227158778876;431,081941352906;2081,86873820602
"169";2023;"Rheintal";"VR APG Rheintal";2;614,126197950125;632;632;632;17,8738020498749;17,8738020498749;17,8738020498749
"170";2024;"Rheintal";"VR APG Rheintal";2;635,279896876062;644,64;663,6;682,56;9,36010312393751;28,3201031239375;47,2801031239376
"171";2025;"Rheintal";"VR APG Rheintal";2;656,121818023062;657,5328;696,78;737,1648;1,41098197693748;40,6581819769375;81,0429819769375
"172";2026;"Rheintal";"VR APG Rheintal";2;678,776732900812;670,683456;731,619;796,137984;-8,09327690081238;52,8422670991876;117,361251099188
"173";2027;"Rheintal";"VR APG Rheintal";2;699,018654582875;684,09712512;768,19995;859,82902272;-14,921529462875;69,1812954171252;160,810368137125
"174";2028;"Rheintal";"VR APG Rheintal";2;714,827718944562;697,7790676224;806,6099475;928,6153445376;-17,0486513221624;91,7822285554378;213,787625593038
"175";2029;"Rheintal";"VR APG Rheintal";2;735,791396322625;711,734648974848;846,940444875;1002,90457210061;-24,056747347777;111,149048552375;267,113175777983
"176";2030;"Rheintal";"VR APG Rheintal";2;756,306361547188;725,969341954345;889,28746711875;1083,13693786866;-30,3370195928426;132,981105571563;326,83057632147
"177";2031;"Rheintal";"VR APG Rheintal";2;778,19070618375;740,488728793432;933,751840474688;1169,78789289815;-37,701977390318;155,561134290938;391,5971867144
"178";2032;"Rheintal";"VR APG Rheintal";2;798,124348392687;755,298503369301;980,439432498422;1263,37092433;-42,8258450233869;182,315084105735;465,246575937314
"179";2033;"Rheintal";"VR APG Rheintal";2;814,860538020937;770,404473436687;1029,46140412334;1364,4405982764;-44,4560645842508;214,600866102406;549,580060255465
"180";2034;"Rheintal";"VR APG Rheintal";2;835,701902157812;785,81256290542;1080,93447432951;1473,59584613851;-49,8893392523921;245,232572171698;637,893943980702
"181";2035;"Rheintal";"VR APG Rheintal";2;857,299691811875;801,528814163529;1134,98119804599;1591,4835138296;-55,7708776483463;277,681506234111;734,18382201772
"182";2036;"Rheintal";"VR APG Rheintal";2;881,338164769375;817,559390446799;1191,73025794829;1718,80219493596;-63,7787743225756;310,39209317891;837,464030166588
"183";2037;"Rheintal";"VR APG Rheintal";2;903,672807943125;833,910578255735;1251,3167708457;1856,30637053084;-69,7622296873897;347,643962902575;952,633562587715
"184";2038;"Rheintal";"VR APG Rheintal";2;920,026728001563;850,58878982085;1313,88260938798;2004,81088017331;-69,4379381807124;393,855881386422;1084,78415217175
"185";2039;"Rheintal";"VR APG Rheintal";2;942,027879375625;867,600565617267;1379,57673985738;2165,19575058717;-74,4273137583579;437,548860481759;1223,16787121155
"186";2040;"Rheintal";"VR APG Rheintal";2;962,700616807188;884,952576929613;1448,55557685025;2338,41141063415;-77,748039877575;485,854960043066;1375,71079382696
"187";2041;"Rheintal";"VR APG Rheintal";2;986,281742625;902,651628468205;1520,98335569277;2525,48432348488;-83,6301141567952;534,701613067766;1539,20258085988
"188";2042;"Rheintal";"VR APG Rheintal";2;1008,04690769344;920,704661037569;1597,0325234774;2727,52306936367;-87,3422466558686;588,985615783967;1719,47616167023
"189";2043;"Rheintal";"VR APG Rheintal";2;1022,37414193156;939,11875425832;1676,88414965127;2945,72491491276;-83,2553876732421;654,510007719712;1923,3507729812
"190";2044;"Rheintal";"VR APG Rheintal";2;1044,735848315;957,901129343487;1760,72835713384;3181,38290810578;-86,8347189715134;715,992508818839;2136,64705979078
"191";2045;"Rheintal";"VR APG Rheintal";2;1065,26099004094;977,059151930356;1848,76477499053;3435,89354075425;-88,2018381105811;783,503784949593;2370,63255071331
"192";2046;"Rheintal";"VR APG Rheintal";2;1086,4041818175;996,600334968964;1941,20301374006;3710,76502401459;-89,8038468485363;854,798831922558;2624,36084219709
"193";2047;"Rheintal";"VR APG Rheintal";2;1109,90873285125;1016,53234166834;2038,26316442706;4007,62622593575;-93,3763911829071;928,35443157581;2897,7174930845
"194";2048;"Rheintal";"VR APG Rheintal";2;1126,74053480938;1036,86298850171;2140,17632264841;4328,23632401062;-89,8775463076652;1013,43578783904;3201,49578920124
"195";2049;"Rheintal";"VR APG Rheintal";2;1150,91677781094;1057,60024827174;2247,18513878083;4674,49522993146;-93,3165295391934;1096,2683609699;3523,57845212053
"196";2050;"Rheintal";"VR APG Rheintal";2;1174,3311977425;1078,75225323718;2359,54439571988;5048,45484832598;-95,578944505321;1185,21319797738;3874,12365058348
"197";2023;"Waldenburgertal";"VR Waldenburgertal plus";7;146,355903224625;207;207;207;60,644096775375;60,644096775375;60,644096775375
"198";2024;"Waldenburgertal";"VR Waldenburgertal plus";7;153,386999976594;211,14;217,35;223,56;57,7530000234063;63,9630000234063;70,1730000234062
"199";2025;"Waldenburgertal";"VR Waldenburgertal plus";7;159,467717967875;215,3628;228,2175;241,4448;55,895082032125;68,749782032125;81,977082032125
"200";2026;"Waldenburgertal";"VR Waldenburgertal plus";7;166,851472485625;219,670056;239,628375;260,760384;52,818583514375;72,776902514375;93,908911514375
"201";2027;"Waldenburgertal";"VR Waldenburgertal plus";7;173,776446201031;224,06345712;251,60979375;281,62121472;50,2870109189687;77,8333475489688;107,844768518969
"202";2028;"Waldenburgertal";"VR Waldenburgertal plus";7;181,172802056562;228,5447262624;264,1902834375;304,1509118976;47,3719242058375;83,0174813809376;122,978109841038
"203";2029;"Waldenburgertal";"VR Waldenburgertal plus";7;189,618791694625;233,115620787648;277,399797609375;328,482984849408;43,496829093023;87,7810059147501;138,864193154783
"204";2030;"Waldenburgertal";"VR Waldenburgertal plus";7;197,029922969156;237,777933203401;291,269787489844;354,761623637361;40,7480102342447;94,2398645206876;157,731700668205
"205";2031;"Waldenburgertal";"VR Waldenburgertal plus";7;205,708095422188;242,533491867469;305,833276864336;383,14255352835;36,8253964452815;100,125181442149;177,434458106162
"206";2032;"Waldenburgertal";"VR Waldenburgertal plus";7;213,676658406969;247,384161704818;321,124940707553;413,793957810618;33,7075032978496;107,448282300584;200,117299403649
"207";2033;"Waldenburgertal";"VR Waldenburgertal plus";7;222,474185938969;252,331844938915;337,18118774293;446,897474435467;29,857658999946;114,707001803962;224,423288496498
"208";2034;"Waldenburgertal";"VR Waldenburgertal plus";7;232,543984085969;257,378481837693;354,040247130077;482,649272390305;24,8344977517243;121,496263044108;250,105288304336
"209";2035;"Waldenburgertal";"VR Waldenburgertal plus";7;241,597273790875;262,526051474447;371,742259486581;521,261214181529;20,9287776835719;130,144985695706;279,663940390654
"210";2036;"Waldenburgertal";"VR Waldenburgertal plus";7;251,322497067937;267,776572503936;390,32937246091;562,962111316051;16,4540754359984;139,006875392973;311,639614248114
"211";2037;"Waldenburgertal";"VR Waldenburgertal plus";7;261,270675808312;273,132103954015;409,845841083956;607,999080221335;11,8614281457021;148,575165275643;346,728404413023
"212";2038;"Waldenburgertal";"VR Waldenburgertal plus";7;270,917319122531;278,594746033095;430,338133138153;656,639006639042;7,67742691056367;159,420814015622;385,721687516511
"213";2039;"Waldenburgertal";"VR Waldenburgertal plus";7;280,782576819656;284,166640953757;451,855039795061;709,170127170166;3,38406413410053;171,072462975405;428,38755035051
"214";2040;"Waldenburgertal";"VR Waldenburgertal plus";7;290,252846467719;289,849973772832;474,447791784814;765,903737343779;-0,40287269488681;184,194945317095;475,65089087606
"215";2041;"Waldenburgertal";"VR Waldenburgertal plus";7;299,295420537188;295,646973248289;498,170181374055;827,176036331281;-3,64844728889892;198,874760836867;527,880615794094
"216";2042;"Waldenburgertal";"VR Waldenburgertal plus";7;309,539391665125;301,559912713254;523,078690442758;893,350119237784;-7,97947895187065;213,539298777633;583,810727572659
"217";2043;"Waldenburgertal";"VR Waldenburgertal plus";7;318,370270501875;307,591110967519;549,232624964895;964,818128776807;-10,7791595343555;230,86235446302;646,447858274932
"218";2044;"Waldenburgertal";"VR Waldenburgertal plus";7;327,208503539781;313,74293318687;576,69425621314;1042,00357907895;-13,4655703529114;249,485752673359;714,79507553917
"219";2045;"Waldenburgertal";"VR Waldenburgertal plus";7;335,5434751105;320,017791850607;605,528969023797;1125,36386540527;-15,5256832598928;269,985493913297;789,820390294768
"220";2046;"Waldenburgertal";"VR Waldenburgertal plus";7;343,315173091219;326,418147687619;635,805417474987;1215,39297463769;-16,8970254035993;292,490244383768;872,07780154647
"221";2047;"Waldenburgertal";"VR Waldenburgertal plus";7;352,783813875187;332,946510641372;667,595688348737;1312,6244126087;-19,8373032338157;314,811874473549;959,840598733517
"222";2048;"Waldenburgertal";"VR Waldenburgertal plus";7;360,6037445065;339,605440854199;700,975472766173;1417,6343656174;-20,9983036523008;340,371728259673;1057,0306211109
"223";2049;"Waldenburgertal";"VR Waldenburgertal plus";7;369,90293303625;346,397549671283;736,024246404482;1531,04511486679;-23,5053833649667;366,121313368232;1161,14218183054
"224";2050;"Waldenburgertal";"VR Waldenburgertal plus";7;377,453867127062;353,325500664709;772,825458724706;1653,52872405614;-24,1283664623536;395,371591597644;1276,07485692907
